workload	case	app	fork_h0	fork_hn	composite_h0	composite_hn	base_h0	base_hn	apply	cw0	cw_k	wrap_heads	steps	removed_steps	removed_pct_of_steps	forks_per_normalize
church	church_pair(1000)	8	2	0	4	0	0	2	6	6	2	2000	37	8	21.62	2
church	church_pair(2000)	8	2	0	4	0	0	2	6	6	2	4000	37	8	21.62	2
church	church_pair(4000)	8	2	0	4	0	0	2	6	6	2	8000	37	8	21.62	2
church	church_pair(8000)	8	2	0	4	0	0	2	6	6	2	16000	37	8	21.62	2
dup	dup_pair(1000)	19	4	0	10	0	0	5	14	14	5	4001	85	18	21.18	4
dup	dup_deep(1000)	38	8	0	19	0	0	11	27	27	11	8003	166	35	21.08	8
dup	dup_pair(2000)	19	4	0	10	0	0	5	14	14	5	8001	85	18	21.18	4
dup	dup_deep(2000)	38	8	0	19	0	0	11	27	27	11	16003	166	35	21.08	8
dup	dup_pair(4000)	19	4	0	10	0	0	5	14	14	5	16001	85	18	21.18	4
dup	dup_deep(4000)	38	8	0	19	0	0	11	27	27	11	32003	166	35	21.08	8
dup	dup_pair(8000)	19	4	0	10	0	0	5	14	14	5	32001	85	18	21.18	4
dup	dup_deep(8000)	38	8	0	19	0	0	11	27	27	11	64003	166	35	21.08	8
guest	guest/church_mul n=50	105	52	0	3	0	0	50	55	55	50	2500	378	107	28.31	52
guest	guest/church_mul n=100	205	102	0	3	0	0	100	105	105	100	10000	728	207	28.43	102
guest	guest/church_mul n=200	405	202	0	3	0	0	200	205	205	200	40000	1428	407	28.50	202
guest	guest/parigot_add n=4	1052	264	0	533	0	0	255	797	797	255	255	4753	1061	22.32	264
guest	guest/parigot_add n=6	16426	4108	0	8223	0	0	4095	12331	12331	4095	4095	73943	16439	22.23	4108
guest	guest/parigot_add n=8	262200	65552	0	131113	0	0	65535	196665	196665	65535	65535	1179933	262217	22.22	65552
guest	guest/parigot_add n=10	4194374	1048596	0	2097203	0	0	1048575	3145799	3145799	1048575	1048575	18874723	4194395	22.22	1048596
guest	guest/exponential n=10	20	0	0	10	0	0	10	10	10	10	10	72	10	13.89	0
guest	guest/exponential n=14	28	0	0	14	0	0	14	14	14	14	14	100	14	14.00	0
guest	guest/exponential n=18	36	0	0	18	0	0	18	18	18	18	18	128	18	14.06	0
guest	guest/exponential n=20	40	0	0	20	0	0	20	20	20	20	20	142	20	14.08	0
synth	synth/clo_chain k=1000	1001	1000	0	1	0	0	0	1001	1001	0	0	5007	2001	39.96	1000
synth	synth/clo_chain k=10000	10001	10000	0	1	0	0	0	10001	10001	0	0	50007	20001	40.00	10000
synth	synth/clo_chain k=100000	100001	100000	0	1	0	0	0	100001	100001	0	0	500007	200001	40.00	100000
