segment	arm	rep	order	freq_before_kHz	freq_after_kHz
nullA	nA1	1	s1first	2246400	2246400
nullA	nA2	1	s1first	2246400	2246400
nullA	nA2	2	s2first	2246400	2246400
nullA	nA1	2	s2first	2246400	2246400
nullA	nA1	3	s1first	2246400	2246400
nullA	nA2	3	s1first	2246400	2246400
nullA	nA2	4	s2first	2246400	2246400
nullA	nA1	4	s2first	2246400	2246400
nullA	nA1	5	s1first	2246400	2246400
nullA	nA2	5	s1first	2246400	2246400
nullA	nA2	6	s2first	2246400	2246400
nullA	nA1	6	s2first	2246400	2246400
nullA	nA1	7	s1first	2246400	2246400
nullA	nA2	7	s1first	2246400	2246400
nullA	nA2	8	s2first	2246400	2246400
nullA	nA1	8	s2first	2246400	2246400
nullA	nA1	9	s1first	2246400	2246400
nullA	nA2	9	s1first	2246400	2246400
nullA	nA2	10	s2first	2246400	2246400
nullA	nA1	10	s2first	2246400	2246400
nullA	nA1	11	s1first	2246400	2246400
nullA	nA2	11	s1first	2246400	2246400
nullA	nA2	12	s2first	2246400	2246400
nullA	nA1	12	s2first	2246400	2246400
nullA	nA1	13	s1first	2246400	2246400
nullA	nA2	13	s1first	2246400	2246400
nullA	nA2	14	s2first	2246400	2246400
nullA	nA1	14	s2first	2246400	2246400
nullA	nA1	15	s1first	2246400	2246400
nullA	nA2	15	s1first	2246400	2246400
nullA	nA2	16	s2first	2246400	2246400
nullA	nA1	16	s2first	2246400	2246400
nullA	nA1	17	s1first	2246400	2246400
nullA	nA2	17	s1first	2246400	2246400
nullA	nA2	18	s2first	2246400	2246400
nullA	nA1	18	s2first	2246400	2246400
nullA	nA1	19	s1first	2246400	2246400
nullA	nA2	19	s1first	2246400	2246400
nullA	nA2	20	s2first	2246400	2246400
nullA	nA1	20	s2first	2246400	2246400
nullA	nA1	21	s1first	2246400	2246400
nullA	nA2	21	s1first	2246400	2246400
nullA	nA2	22	s2first	2246400	2246400
nullA	nA1	22	s2first	2246400	2246400
nullA	nA1	23	s1first	2246400	2246400
nullA	nA2	23	s1first	2246400	2246400
nullA	nA2	24	s2first	2246400	2246400
nullA	nA1	24	s2first	2246400	2246400
nullA	nA1	25	s1first	2246400	2246400
nullA	nA2	25	s1first	2246400	2246400
nullA	nA2	26	s2first	2246400	2246400
nullA	nA1	26	s2first	2246400	2246400
nullA	nA1	27	s1first	2246400	2246400
nullA	nA2	27	s1first	2246400	2246400
nullA	nA2	28	s2first	2246400	2246400
nullA	nA1	28	s2first	2246400	2246400
nullA	nA1	29	s1first	2246400	2246400
nullA	nA2	29	s1first	2246400	2246400
nullA	nA2	30	s2first	2246400	2246400
nullA	nA1	30	s2first	2246400	2246400
nullA	nA1	31	s1first	2246400	2246400
nullA	nA2	31	s1first	2246400	2246400
nullA	nA2	32	s2first	2246400	2246400
nullA	nA1	32	s2first	2246400	2246400
nullA	nA1	33	s1first	2246400	2246400
nullA	nA2	33	s1first	2246400	2246400
nullA	nA2	34	s2first	2246400	2246400
nullA	nA1	34	s2first	2246400	2246400
nullA	nA1	35	s1first	2246400	2246400
nullA	nA2	35	s1first	2246400	2246400
nullA	nA2	36	s2first	2246400	2246400
nullA	nA1	36	s2first	2246400	2246400
nullA	nA1	37	s1first	2246400	2246400
nullA	nA2	37	s1first	2246400	2246400
nullA	nA2	38	s2first	2246400	2246400
nullA	nA1	38	s2first	2246400	2246400
nullA	nA1	39	s1first	2246400	2246400
nullA	nA2	39	s1first	2246400	2246400
nullA	nA2	40	s2first	2246400	2246400
nullA	nA1	40	s2first	2246400	2246400
nullA	nA1	41	s1first	2246400	2246400
nullA	nA2	41	s1first	2246400	2246400
nullA	nA2	42	s2first	2246400	2246400
nullA	nA1	42	s2first	2246400	2246400
ab	A	1	s1first	2246400	2246400
ab	B	1	s1first	2246400	2246400
ab	B	2	s2first	2246400	2246400
ab	A	2	s2first	2246400	2246400
ab	A	3	s1first	2246400	2246400
ab	B	3	s1first	2246400	2246400
ab	B	4	s2first	2246400	2246400
ab	A	4	s2first	2246400	2246400
ab	A	5	s1first	2246400	2246400
ab	B	5	s1first	2246400	2246400
ab	B	6	s2first	2246400	2246400
ab	A	6	s2first	2246400	2246400
ab	A	7	s1first	2246400	2246400
ab	B	7	s1first	2246400	2246400
ab	B	8	s2first	2246400	2246400
ab	A	8	s2first	2246400	2246400
ab	A	9	s1first	2246400	2246400
ab	B	9	s1first	2246400	2246400
ab	B	10	s2first	2246400	2246400
ab	A	10	s2first	2246400	2246400
ab	A	11	s1first	2246400	2246400
ab	B	11	s1first	2246400	2246400
ab	B	12	s2first	2246400	2246400
ab	A	12	s2first	2246400	2246400
ab	A	13	s1first	2246400	2246400
ab	B	13	s1first	2246400	2246400
ab	B	14	s2first	2246400	2246400
ab	A	14	s2first	2246400	2246400
ab	A	15	s1first	2246400	2246400
ab	B	15	s1first	2246400	2246400
ab	B	16	s2first	2246400	2246400
ab	A	16	s2first	2246400	2246400
ab	A	17	s1first	2246400	2246400
ab	B	17	s1first	2246400	2246400
ab	B	18	s2first	2246400	2246400
ab	A	18	s2first	2246400	2246400
ab	A	19	s1first	2246400	2246400
ab	B	19	s1first	2246400	2246400
ab	B	20	s2first	2246400	2246400
ab	A	20	s2first	2246400	2246400
ab	A	21	s1first	2246400	2246400
ab	B	21	s1first	2246400	2246400
ab	B	22	s2first	2246400	2246400
ab	A	22	s2first	2246400	2246400
ab	A	23	s1first	2246400	2246400
ab	B	23	s1first	2246400	2246400
ab	B	24	s2first	2246400	2246400
ab	A	24	s2first	2246400	2246400
ab	A	25	s1first	2246400	2246400
ab	B	25	s1first	2246400	2246400
ab	B	26	s2first	2246400	2246400
ab	A	26	s2first	2246400	2246400
ab	A	27	s1first	2246400	2246400
ab	B	27	s1first	2246400	2246400
ab	B	28	s2first	2246400	2246400
ab	A	28	s2first	2246400	2246400
ab	A	29	s1first	2246400	2246400
ab	B	29	s1first	2246400	2246400
ab	B	30	s2first	2246400	2246400
ab	A	30	s2first	2246400	2246400
ab	A	31	s1first	2246400	2246400
ab	B	31	s1first	2246400	2246400
ab	B	32	s2first	2246400	2246400
ab	A	32	s2first	2246400	2246400
ab	A	33	s1first	2246400	2246400
ab	B	33	s1first	2246400	2246400
ab	B	34	s2first	2246400	2246400
ab	A	34	s2first	2246400	2246400
ab	A	35	s1first	2246400	2246400
ab	B	35	s1first	2246400	2246400
ab	B	36	s2first	2246400	2246400
ab	A	36	s2first	2246400	2246400
ab	A	37	s1first	2246400	2246400
ab	B	37	s1first	2246400	2246400
ab	B	38	s2first	2246400	2246400
ab	A	38	s2first	2246400	2246400
ab	A	39	s1first	2246400	2246400
ab	B	39	s1first	2246400	2246400
ab	B	40	s2first	2246400	2246400
ab	A	40	s2first	2246400	2246400
ab	A	41	s1first	2246400	2246400
ab	B	41	s1first	2246400	2246400
ab	B	42	s2first	2246400	2246400
ab	A	42	s2first	2246400	2246400
nullB	nB1	1	s1first	2246400	2246400
nullB	nB2	1	s1first	2246400	2246400
nullB	nB2	2	s2first	2246400	2246400
nullB	nB1	2	s2first	2246400	2246400
nullB	nB1	3	s1first	2246400	2246400
nullB	nB2	3	s1first	2246400	2246400
nullB	nB2	4	s2first	2246400	2246400
nullB	nB1	4	s2first	2246400	2246400
nullB	nB1	5	s1first	2246400	2246400
nullB	nB2	5	s1first	2246400	2246400
nullB	nB2	6	s2first	2246400	2246400
nullB	nB1	6	s2first	2246400	2246400
nullB	nB1	7	s1first	2246400	2246400
nullB	nB2	7	s1first	2246400	2246400
nullB	nB2	8	s2first	2246400	2246400
nullB	nB1	8	s2first	2246400	2246400
nullB	nB1	9	s1first	2246400	2246400
nullB	nB2	9	s1first	2246400	2822400
nullB	nB2	10	s2first	2822400	2822400
nullB	nB1	10	s2first	2822400	2822400
nullB	nB1	11	s1first	2822400	2822400
nullB	nB2	11	s1first	2822400	2361600
nullB	nB2	12	s2first	2361600	2361600
nullB	nB1	12	s2first	2361600	2361600
nullB	nB1	13	s1first	2361600	2361600
nullB	nB2	13	s1first	2361600	2361600
nullB	nB2	14	s2first	2361600	2361600
nullB	nB1	14	s2first	2361600	2361600
nullB	nB1	15	s1first	2361600	2361600
nullB	nB2	15	s1first	2361600	2361600
nullB	nB2	16	s2first	2361600	2361600
nullB	nB1	16	s2first	2361600	2361600
nullB	nB1	17	s1first	2361600	2361600
nullB	nB2	17	s1first	2361600	2361600
nullB	nB2	18	s2first	2361600	2361600
nullB	nB1	18	s2first	2361600	2361600
nullB	nB1	19	s1first	2361600	2361600
nullB	nB2	19	s1first	2361600	2361600
nullB	nB2	20	s2first	2361600	2361600
nullB	nB1	20	s2first	2361600	2361600
nullB	nB1	21	s1first	2361600	2361600
nullB	nB2	21	s1first	2361600	2361600
nullB	nB2	22	s2first	2361600	2361600
nullB	nB1	22	s2first	2361600	2361600
nullB	nB1	23	s1first	2361600	2361600
nullB	nB2	23	s1first	2361600	2361600
nullB	nB2	24	s2first	2361600	2361600
nullB	nB1	24	s2first	2361600	2361600
nullB	nB1	25	s1first	2361600	2361600
nullB	nB2	25	s1first	2361600	2361600
nullB	nB2	26	s2first	2361600	2361600
nullB	nB1	26	s2first	2361600	2361600
nullB	nB1	27	s1first	2361600	2361600
nullB	nB2	27	s1first	2361600	2361600
nullB	nB2	28	s2first	2361600	2361600
nullB	nB1	28	s2first	2361600	2361600
nullB	nB1	29	s1first	2361600	2361600
nullB	nB2	29	s1first	2361600	2361600
nullB	nB2	30	s2first	2361600	2361600
nullB	nB1	30	s2first	2361600	2361600
nullB	nB1	31	s1first	2361600	2361600
nullB	nB2	31	s1first	2361600	2361600
nullB	nB2	32	s2first	2361600	2361600
nullB	nB1	32	s2first	2361600	2361600
nullB	nB1	33	s1first	2361600	2361600
nullB	nB2	33	s1first	2361600	2361600
nullB	nB2	34	s2first	2361600	2361600
nullB	nB1	34	s2first	2361600	2361600
nullB	nB1	35	s1first	2361600	2361600
nullB	nB2	35	s1first	2361600	2361600
nullB	nB2	36	s2first	2361600	2361600
nullB	nB1	36	s2first	2361600	2361600
nullB	nB1	37	s1first	2361600	2361600
nullB	nB2	37	s1first	2361600	2361600
nullB	nB2	38	s2first	2361600	2361600
nullB	nB1	38	s2first	2361600	2361600
nullB	nB1	39	s1first	2361600	2361600
nullB	nB2	39	s1first	2361600	2361600
nullB	nB2	40	s2first	2361600	2361600
nullB	nB1	40	s2first	2361600	2361600
nullB	nB1	41	s1first	2361600	2361600
nullB	nB2	41	s1first	2361600	2361600
nullB	nB2	42	s2first	2361600	2361600
nullB	nB1	42	s2first	2361600	2361600
