workload	k	impl	n	med1	med2	unpaired_pct	paired_pct	null_p95_u	eff_floor_u	null_p95_p	eff_floor_p	verdict
church	13	fast	42	1.0270	1.0285	0.146	-0.097	11.306	11.306	2.395	2.395	未判定
church	15	fast	42	4.3315	4.4495	2.724	0.041	13.680	13.680	3.092	3.092	未判定
church	13	fast	42	1.0270	1.0310	0.389	0.438	9.272	9.272	0.822	0.822	未判定
church	15	fast	42	4.4335	4.4225	-0.248	-0.493	10.392	10.392	2.668	2.668	未判定
church	13	fast	42	2.2420	2.0855	-6.980	-6.420	55.053	55.053	0.652	0.652	判定(配对);非配对未过(地板受档位漂移抬高)
church	15	fast	42	9.2695	8.6675	-6.494	-5.765	52.530	52.530	1.358	1.358	判定(配对);非配对未过(地板受档位漂移抬高)
conv	13	fast	42	2.3030	2.3085	0.239	0.016	5.956	5.956	1.185	1.185	未判定
conv	15	fast	42	9.4095	9.1190	-3.087	-0.189	3.921	3.921	1.588	1.588	未判定
conv	13	fast	42	2.3200	2.1510	-7.284	-7.416	5.641	5.641	3.339	3.339	判定(配对+非配对)
conv	15	fast	42	9.3280	8.8145	-5.505	-5.703	4.398	4.398	3.161	3.161	判定(配对+非配对)
