workload	size	variant	reps	min_ms	med_ms	max_ms	spread_pct	med_of_med
church	1000	bump_iter	7	0.0500	0.0620	0.0880	76.00	0.0640
church	1000	bump_spine_iter	7	0.0160	0.0190	0.0200	25.00	0.0340
church	1000	bump_spine_iter_ss	7	0.0150	0.0180	0.0190	26.67	0.0180
church	1000	bump_spine_slim	7	0.0200	0.0240	0.0260	30.00	0.0250
church	1000	cek	7	0.3530	0.4260	0.6250	77.05	0.4270
church	1000	cek_bump	7	0.0500	0.0600	0.0880	76.00	0.0620
church	2000	bump_iter	7	0.0990	0.1090	0.1230	24.24	0.1230
church	2000	bump_spine_iter	7	0.0310	0.0370	0.0380	22.58	0.0380
church	2000	bump_spine_iter_ss	7	0.0290	0.0340	0.0350	20.69	0.0350
church	2000	bump_spine_slim	7	0.0400	0.0480	0.0500	25.00	0.0500
church	2000	cek	7	0.7230	0.8360	0.8850	22.41	0.8490
church	2000	cek_bump	7	0.1020	0.1120	0.1260	23.53	0.1140
church	4000	bump_iter	7	0.1990	0.2370	0.2440	22.61	0.2410
church	4000	bump_spine_iter	7	0.0660	0.0780	0.0820	24.24	0.0790
church	4000	bump_spine_iter_ss	7	0.0570	0.0690	0.0700	22.81	0.0690
church	4000	bump_spine_slim	7	0.0840	0.0980	0.1020	21.43	0.0990
church	4000	cek	7	1.3640	1.6450	1.6540	21.26	1.6590
church	4000	cek_bump	7	0.2000	0.2350	0.2380	19.00	0.2430
church	8000	bump_iter	7	0.4120	0.4740	0.4920	19.42	0.4750
church	8000	bump_spine_iter	7	0.1320	0.1570	0.1580	19.70	0.1580
church	8000	bump_spine_iter_ss	7	0.1160	0.1370	0.1430	23.28	0.1380
church	8000	bump_spine_slim	7	0.1730	0.2030	0.2090	20.81	0.2060
church	8000	cek	7	2.8710	3.3030	3.3250	15.81	3.3070
church	8000	cek_bump	7	0.4070	0.4710	0.5000	22.85	0.4830
church	16000	bump_iter	7	1.5830	1.7490	1.8240	15.22	1.8320
church	16000	bump_spine_iter	7	0.3940	0.4530	0.5860	48.73	0.6380
church	16000	bump_spine_iter_ss	7	0.2370	0.2810	0.2850	20.25	0.2820
church	16000	bump_spine_slim	7	0.3470	0.4130	0.4280	23.34	0.4530
church	16000	cek	7	6.3680	7.4440	7.5610	18.73	7.5360
church	16000	cek_bump	7	1.0630	1.1710	1.2290	15.62	1.2660
church	32000	bump_iter	7	2.0260	2.2100	2.2630	11.70	2.4290
church	32000	bump_spine_iter	7	0.7680	0.8570	0.8830	14.97	0.9140
church	32000	bump_spine_iter_ss	7	0.4830	0.5620	0.5660	17.18	0.5670
church	32000	bump_spine_slim	7	1.0890	1.2080	1.2940	18.82	1.3540
church	32000	cek	7	13.9230	15.8960	16.2630	16.81	16.2730
church	32000	cek_bump	7	2.3670	2.4060	2.4440	3.25	2.4570
church	64000	bump_iter	7	4.8960	5.3450	5.7310	17.05	5.6360
church	64000	bump_spine_iter	7	1.4540	1.4880	1.5400	5.91	1.5920
church	64000	bump_spine_iter_ss	7	0.9490	1.1090	1.1160	17.60	1.1110
church	64000	bump_spine_slim	7	1.6310	1.7770	1.8890	15.82	2.2750
church	64000	cek	7	28.0650	31.1490	33.0220	17.66	32.7680
church	64000	cek_bump	7	4.2160	4.5780	4.6530	10.37	7.2230
