workload	size	variant	med_A	med_B	ratio_med_B_over_A_pct	min_A	min_B	min_ratio_pct	empty_parity_pct	empty_boot_p95_pct	threshold_pct	paired_ratio_med	paired_ratio_p10	paired_ratio_p90	verdict
guest/church_mul	50	bump_spine_iter	0.0200	0.0210	5.00	0.0180	0.0180	0.00	2.50	16.67	5.0	1.0000	0.9474	1.2857	UNDECIDED(dev=5.00%<=bound=16.67%[thr=5.0,p95=16.67])
guest/church_mul	100	bump_spine_iter	0.0870	0.0910	4.60	0.0790	0.0790	0.00	1.72	14.11	5.0	1.0000	0.9558	1.2391	UNDECIDED(dev=4.60%<=bound=14.11%[thr=5.0,p95=14.11])
guest/church_mul	200	bump_spine_iter	0.3710	0.3760	1.35	0.3260	0.3250	-0.31	5.67	12.09	5.0	1.0000	0.9636	1.1247	UNDECIDED(dev=1.35%<=bound=12.09%[thr=5.0,p95=12.09])
guest/exponential	10	bump_spine_iter	0.0120	0.0120	0.00	0.0100	0.0100	0.00	0.00	28.57	5.0	1.0000	0.9167	1.2000	UNDECIDED(dev=0.00%<=bound=28.57%[thr=5.0,p95=28.57])
guest/exponential	14	bump_spine_iter	0.1690	0.1700	0.59	0.1460	0.1470	0.68	-0.88	29.68	5.0	1.0068	0.9932	1.1841	UNDECIDED(dev=0.59%<=bound=29.68%[thr=5.0,p95=29.68])
guest/exponential	18	bump_spine_iter	2.9980	3.0380	1.33	2.6370	2.5970	-1.52	2.82	23.45	5.0	1.0104	0.9643	1.2119	UNDECIDED(dev=1.33%<=bound=23.45%[thr=5.0,p95=23.45])
guest/exponential	20	bump_spine_iter	12.3890	12.0730	-2.55	10.7380	10.6840	-0.50	3.38	21.03	5.0	1.0033	0.7532	1.1478	UNDECIDED(dev=2.55%<=bound=21.03%[thr=5.0,p95=21.03])
guest/parigot_add	4	bump_spine_iter	0.0300	0.0280	-6.67	0.0260	0.0240	-7.69	-1.67	20.59	5.0	0.9231	0.8333	1.0294	UNDECIDED(dev=6.67%<=bound=20.59%[thr=5.0,p95=20.59])
guest/parigot_add	6	bump_spine_iter	0.4720	0.4380	-7.20	0.4130	0.3790	-8.23	-1.80	20.10	5.0	0.9207	0.8387	1.0532	UNDECIDED(dev=7.20%<=bound=20.10%[thr=5.0,p95=20.10])
guest/parigot_add	8	bump_spine_iter	7.5970	7.3220	-3.62	6.7850	6.3830	-5.92	13.10	17.78	5.0	0.9290	0.8496	1.0520	UNDECIDED(dev=3.62%<=bound=17.78%[thr=5.0,p95=17.78])
guest/parigot_add	10	bump_spine_iter	126.4150	117.2200	-7.27	110.5820	102.2450	-7.54	2.00	22.17	5.0	0.9272	0.8208	1.0162	UNDECIDED(dev=7.27%<=bound=22.17%[thr=5.0,p95=22.17])
